Workbook

Sheet Resumo
A1: Resumo de Gastos Diários | B1: Resumo de Gastos Diários | C1: Resumo de Gastos Diários | D1: Resumo de Gastos Diários | E1: Resumo de Gastos Diários | F1: Resumo de Gastos Diários | G1: Resumo de Gastos Diários | H1: Resumo de Gastos Diários | I1: Resumo de Gastos Diários | J1: Resumo de Gastos Diários | K1: Resumo de Gastos Diários | L1: Resumo de Gastos Diários
A2: Os totais e gráficos atualizam quando você preencher as abas Débito e Crédito. | B2: Os totais e gráficos atualizam quando você preencher as abas Débito e Crédito. | C2: Os totais e gráficos atualizam quando você preencher as abas Débito e Crédito. | D2: Os totais e gráficos atualizam quando você preencher as abas Débito e Crédito. | E2: Os totais e gráficos atualizam quando você preencher as abas Débito e Crédito. | F2: Os totais e gráficos atualizam quando você preencher as abas Débito e Crédito. | G2: Os totais e gráficos atualizam quando você preencher as abas Débito e Crédito. | H2: Os totais e gráficos atualizam quando você preencher as abas Débito e Crédito. | I2: Os totais e gráficos atualizam quando você preencher as abas Débito e Crédito. | J2: Os totais e gráficos atualizam quando você preencher as abas Débito e Crédito. | K2: Os totais e gráficos atualizam quando você preencher as abas Débito e Crédito. | L2: Os totais e gráficos atualizam quando você preencher as abas Débito e Crédito.
A3: Indicador | B3: Valor | D3: Indicador | E3: Valor | G3: Indicador | H3: Valor | J3: Indicador | K3: Valor
A4: Total geral | B4: =SUM(Débito!E6:E205)+SUM(Crédito!E6:E205) -> 353.6 | D4: Total débito | E4: =SUM(Débito!E6:E205) -> 153 | G4: Total crédito | H4: =SUM(Crédito!E6:E205) -> 200.6 | J4: Mês atual | K4: =SUMIFS(Débito!E6:E205,Débito!H6:H205,TEXT(TODAY(),"yyyy-mm"))+SUMIFS(Crédito!E6:E205,Crédito!J6:J205,TEXT(TODAY(),"yyyy-mm")) -> 353.6
A5: Maior gasto | B5: =MAX(Débito!E6:E205,Crédito!E6:E205) -> 86.4 | D5: Gasto médio | E5: =IFERROR(B4/(COUNT(Débito!E6:E205)+COUNT(Crédito!E6:E205)),0) -> 44.2 | G5: Lançamentos | H5: =COUNT(Débito!E6:E205)+COUNT(Crédito!E6:E205) -> 8 | J5: Ano do resumo | K5: =YEAR(TODAY()) -> 2026
A8: Mês-chave | B8: Mês | C8: Débito | D8: Crédito | E8: Total | G8: Categoria | H8: Débito | I8: Crédito | J8: Total
A9: =TEXT(DATE($K$5,1,1),"yyyy-mm") -> yyyy-01 | B9: Jan | C9: =SUMIFS(Débito!$E$6:$E$205,Débito!$H$6:$H$205,$A9) -> 0 | D9: =SUMIFS(Crédito!$E$6:$E$205,Crédito!$J$6:$J$205,$A9) -> 0 | E9: =C9+D9 -> 0 | G9: Alimentação | H9: =SUMIFS(Débito!$E$6:$E$205,Débito!$C$6:$C$205,G9) -> 18.5 | I9: =SUMIFS(Crédito!$E$6:$E$205,Crédito!$C$6:$C$205,G9) -> 0 | J9: =H9+I9 -> 18.5
A10: =TEXT(DATE($K$5,2,1),"yyyy-mm") -> yyyy-02 | B10: Fev | C10: =SUMIFS(Débito!$E$6:$E$205,Débito!$H$6:$H$205,$A10) -> 0 | D10: =SUMIFS(Crédito!$E$6:$E$205,Crédito!$J$6:$J$205,$A10) -> 0 | E10: =C10+D10 -> 0 | G10: Transporte | H10: =SUMIFS(Débito!$E$6:$E$205,Débito!$C$6:$C$205,G10) -> 5.2 | I10: =SUMIFS(Crédito!$E$6:$E$205,Crédito!$C$6:$C$205,G10) -> 0 | J10: =H10+I10 -> 5.2
A11: =TEXT(DATE($K$5,3,1),"yyyy-mm") -> yyyy-03 | B11: Mar | C11: =SUMIFS(Débito!$E$6:$E$205,Débito!$H$6:$H$205,$A11) -> 0 | D11: =SUMIFS(Crédito!$E$6:$E$205,Crédito!$J$6:$J$205,$A11) -> 0 | E11: =C11+D11 -> 0 | G11: Moradia | H11: =SUMIFS(Débito!$E$6:$E$205,Débito!$C$6:$C$205,G11) -> 0 | I11: =SUMIFS(Crédito!$E$6:$E$205,Crédito!$C$6:$C$205,G11) -> 0 | J11: =H11+I11 -> 0
A12: =TEXT(DATE($K$5,4,1),"yyyy-mm") -> yyyy-04 | B12: Abr | C12: =SUMIFS(Débito!$E$6:$E$205,Débito!$H$6:$H$205,$A12) -> 0 | D12: =SUMIFS(Crédito!$E$6:$E$205,Crédito!$J$6:$J$205,$A12) -> 0 | E12: =C12+D12 -> 0 | G12: Saúde | H12: =SUMIFS(Débito!$E$6:$E$205,Débito!$C$6:$C$205,G12) -> 42.9 | I12: =SUMIFS(Crédito!$E$6:$E$205,Crédito!$C$6:$C$205,G12) -> 0 | J12: =H12+I12 -> 42.9
A13: =TEXT(DATE($K$5,5,1),"yyyy-mm") -> yyyy-05 | B13: Mai | C13: =SUMIFS(Débito!$E$6:$E$205,Débito!$H$6:$H$205,$A13) -> 0 | D13: =SUMIFS(Crédito!$E$6:$E$205,Crédito!$J$6:$J$205,$A13) -> 0 | E13: =C13+D13 -> 0 | G13: Mercado | H13: =SUMIFS(Débito!$E$6:$E$205,Débito!$C$6:$C$205,G13) -> 86.4 | I13: =SUMIFS(Crédito!$E$6:$E$205,Crédito!$C$6:$C$205,G13) -> 0 | J13: =H13+I13 -> 86.4
A14: =TEXT(DATE($K$5,6,1),"yyyy-mm") -> yyyy-06 | B14: Jun | C14: =SUMIFS(Débito!$E$6:$E$205,Débito!$H$6:$H$205,$A14) -> 153 | D14: =SUMIFS(Crédito!$E$6:$E$205,Crédito!$J$6:$J$205,$A14) -> 200.6 | E14: =C14+D14 -> 353.6 | G14: Lazer | H14: =SUMIFS(Débito!$E$6:$E$205,Débito!$C$6:$C$205,G14) -> 0 | I14: =SUMIFS(Crédito!$E$6:$E$205,Crédito!$C$6:$C$205,G14) -> 36 | J14: =H14+I14 -> 36
A15: =TEXT(DATE($K$5,7,1),"yyyy-mm") -> yyyy-07 | B15: Jul | C15: =SUMIFS(Débito!$E$6:$E$205,Débito!$H$6:$H$205,$A15) -> 0 | D15: =SUMIFS(Crédito!$E$6:$E$205,Crédito!$J$6:$J$205,$A15) -> 0 | E15: =C15+D15 -> 0 | G15: Educação | H15: =SUMIFS(Débito!$E$6:$E$205,Débito!$C$6:$C$205,G15) -> 0 | I15: =SUMIFS(Crédito!$E$6:$E$205,Crédito!$C$6:$C$205,G15) -> 54.8 | J15: =H15+I15 -> 54.8
A16: =TEXT(DATE($K$5,8,1),"yyyy-mm") -> yyyy-08 | B16: Ago | C16: =SUMIFS(Débito!$E$6:$E$205,Débito!$H$6:$H$205,$A16) -> 0 | D16: =SUMIFS(Crédito!$E$6:$E$205,Crédito!$J$6:$J$205,$A16) -> 0 | E16: =C16+D16 -> 0 | G16: Assinaturas | H16: =SUMIFS(Débito!$E$6:$E$205,Débito!$C$6:$C$205,G16) -> 0 | I16: =SUMIFS(Crédito!$E$6:$E$205,Crédito!$C$6:$C$205,G16) -> 29.9 | J16: =H16+I16 -> 29.9
A17: =TEXT(DATE($K$5,9,1),"yyyy-mm") -> yyyy-09 | B17: Set | C17: =SUMIFS(Débito!$E$6:$E$205,Débito!$H$6:$H$205,$A17) -> 0 | D17: =SUMIFS(Crédito!$E$6:$E$205,Crédito!$J$6:$J$205,$A17) -> 0 | E17: =C17+D17 -> 0 | G17: Compras | H17: =SUMIFS(Débito!$E$6:$E$205,Débito!$C$6:$C$205,G17) -> 0 | I17: =SUMIFS(Crédito!$E$6:$E$205,Crédito!$C$6:$C$205,G17) -> 79.9 | J17: =H17+I17 -> 79.9
A18: =TEXT(DATE($K$5,10,1),"yyyy-mm") -> yyyy-10 | B18: Out | C18: =SUMIFS(Débito!$E$6:$E$205,Débito!$H$6:$H$205,$A18) -> 0 | D18: =SUMIFS(Crédito!$E$6:$E$205,Crédito!$J$6:$J$205,$A18) -> 0 | E18: =C18+D18 -> 0 | G18: Outros | H18: =SUMIFS(Débito!$E$6:$E$205,Débito!$C$6:$C$205,G18) -> 0 | I18: =SUMIFS(Crédito!$E$6:$E$205,Crédito!$C$6:$C$205,G18) -> 0 | J18: =H18+I18 -> 0
A19: =TEXT(DATE($K$5,11,1),"yyyy-mm") -> yyyy-11 | B19: Nov | C19: =SUMIFS(Débito!$E$6:$E$205,Débito!$H$6:$H$205,$A19) -> 0 | D19: =SUMIFS(Crédito!$E$6:$E$205,Crédito!$J$6:$J$205,$A19) -> 0 | E19: =C19+D19 -> 0
A20: =TEXT(DATE($K$5,12,1),"yyyy-mm") -> yyyy-12 | B20: Dez | C20: =SUMIFS(Débito!$E$6:$E$205,Débito!$H$6:$H$205,$A20) -> 0 | D20: =SUMIFS(Crédito!$E$6:$E$205,Crédito!$J$6:$J$205,$A20) -> 0 | E20: =C20+D20 -> 0
A23: Como usar: lance despesas em Débito ou Crédito; filtre as tabelas clicando nas setas do cabeçalho; consulte tudo consolidado em Todos os Gastos; ajuste categorias, contas e cartões na aba Listas. | B23: Como usar: lance despesas em Débito ou Crédito; filtre as tabelas clicando nas setas do cabeçalho; consulte tudo consolidado em Todos os Gastos; ajuste categorias, contas e cartões na aba Listas. | C23: Como usar: lance despesas em Débito ou Crédito; filtre as tabelas clicando nas setas do cabeçalho; consulte tudo consolidado em Todos os Gastos; ajuste categorias, contas e cartões na aba Listas. | D23: Como usar: lance despesas em Débito ou Crédito; filtre as tabelas clicando nas setas do cabeçalho; consulte tudo consolidado em Todos os Gastos; ajuste categorias, contas e cartões na aba Listas. | E23: Como usar: lance despesas em Débito ou Crédito; filtre as tabelas clicando nas setas do cabeçalho; consulte tudo consolidado em Todos os Gastos; ajuste categorias, contas e cartões na aba Listas. | F23: Como usar: lance despesas em Débito ou Crédito; filtre as tabelas clicando nas setas do cabeçalho; consulte tudo consolidado em Todos os Gastos; ajuste categorias, contas e cartões na aba Listas. | G23: Como usar: lance despesas em Débito ou Crédito; filtre as tabelas clicando nas setas do cabeçalho; consulte tudo consolidado em Todos os Gastos; ajuste categorias, contas e cartões na aba Listas. | H23: Como usar: lance despesas em Débito ou Crédito; filtre as tabelas clicando nas setas do cabeçalho; consulte tudo consolidado em Todos os Gastos; ajuste categorias, contas e cartões na aba Listas. | I23: Como usar: lance despesas em Débito ou Crédito; filtre as tabelas clicando nas setas do cabeçalho; consulte tudo consolidado em Todos os Gastos; ajuste categorias, contas e cartões na aba Listas. | J23: Como usar: lance despesas em Débito ou Crédito; filtre as tabelas clicando nas setas do cabeçalho; consulte tudo consolidado em Todos os Gastos; ajuste categorias, contas e cartões na aba Listas. | K23: Como usar: lance despesas em Débito ou Crédito; filtre as tabelas clicando nas setas do cabeçalho; consulte tudo consolidado em Todos os Gastos; ajuste categorias, contas e cartões na aba Listas. | L23: Como usar: lance despesas em Débito ou Crédito; filtre as tabelas clicando nas setas do cabeçalho; consulte tudo consolidado em Todos os Gastos; ajuste categorias, contas e cartões na aba Listas.
A24: Como usar: lance despesas em Débito ou Crédito; filtre as tabelas clicando nas setas do cabeçalho; consulte tudo consolidado em Todos os Gastos; ajuste categorias, contas e cartões na aba Listas. | B24: Como usar: lance despesas em Débito ou Crédito; filtre as tabelas clicando nas setas do cabeçalho; consulte tudo consolidado em Todos os Gastos; ajuste categorias, contas e cartões na aba Listas. | C24: Como usar: lance despesas em Débito ou Crédito; filtre as tabelas clicando nas setas do cabeçalho; consulte tudo consolidado em Todos os Gastos; ajuste categorias, contas e cartões na aba Listas. | D24: Como usar: lance despesas em Débito ou Crédito; filtre as tabelas clicando nas setas do cabeçalho; consulte tudo consolidado em Todos os Gastos; ajuste categorias, contas e cartões na aba Listas. | E24: Como usar: lance despesas em Débito ou Crédito; filtre as tabelas clicando nas setas do cabeçalho; consulte tudo consolidado em Todos os Gastos; ajuste categorias, contas e cartões na aba Listas. | F24: Como usar: lance despesas em Débito ou Crédito; filtre as tabelas clicando nas setas do cabeçalho; consulte tudo consolidado em Todos os Gastos; ajuste categorias, contas e cartões na aba Listas. | G24: Como usar: lance despesas em Débito ou Crédito; filtre as tabelas clicando nas setas do cabeçalho; consulte tudo consolidado em Todos os Gastos; ajuste categorias, contas e cartões na aba Listas. | H24: Como usar: lance despesas em Débito ou Crédito; filtre as tabelas clicando nas setas do cabeçalho; consulte tudo consolidado em Todos os Gastos; ajuste categorias, contas e cartões na aba Listas. | I24: Como usar: lance despesas em Débito ou Crédito; filtre as tabelas clicando nas setas do cabeçalho; consulte tudo consolidado em Todos os Gastos; ajuste categorias, contas e cartões na aba Listas. | J24: Como usar: lance despesas em Débito ou Crédito; filtre as tabelas clicando nas setas do cabeçalho; consulte tudo consolidado em Todos os Gastos; ajuste categorias, contas e cartões na aba Listas. | K24: Como usar: lance despesas em Débito ou Crédito; filtre as tabelas clicando nas setas do cabeçalho; consulte tudo consolidado em Todos os Gastos; ajuste categorias, contas e cartões na aba Listas. | L24: Como usar: lance despesas em Débito ou Crédito; filtre as tabelas clicando nas setas do cabeçalho; consulte tudo consolidado em Todos os Gastos; ajuste categorias, contas e cartões na aba Listas.
A25: Como usar: lance despesas em Débito ou Crédito; filtre as tabelas clicando nas setas do cabeçalho; consulte tudo consolidado em Todos os Gastos; ajuste categorias, contas e cartões na aba Listas. | B25: Como usar: lance despesas em Débito ou Crédito; filtre as tabelas clicando nas setas do cabeçalho; consulte tudo consolidado em Todos os Gastos; ajuste categorias, contas e cartões na aba Listas. | C25: Como usar: lance despesas em Débito ou Crédito; filtre as tabelas clicando nas setas do cabeçalho; consulte tudo consolidado em Todos os Gastos; ajuste categorias, contas e cartões na aba Listas. | D25: Como usar: lance despesas em Débito ou Crédito; filtre as tabelas clicando nas setas do cabeçalho; consulte tudo consolidado em Todos os Gastos; ajuste categorias, contas e cartões na aba Listas. | E25: Como usar: lance despesas em Débito ou Crédito; filtre as tabelas clicando nas setas do cabeçalho; consulte tudo consolidado em Todos os Gastos; ajuste categorias, contas e cartões na aba Listas. | F25: Como usar: lance despesas em Débito ou Crédito; filtre as tabelas clicando nas setas do cabeçalho; consulte tudo consolidado em Todos os Gastos; ajuste categorias, contas e cartões na aba Listas. | G25: Como usar: lance despesas em Débito ou Crédito; filtre as tabelas clicando nas setas do cabeçalho; consulte tudo consolidado em Todos os Gastos; ajuste categorias, contas e cartões na aba Listas. | H25: Como usar: lance despesas em Débito ou Crédito; filtre as tabelas clicando nas setas do cabeçalho; consulte tudo consolidado em Todos os Gastos; ajuste categorias, contas e cartões na aba Listas. | I25: Como usar: lance despesas em Débito ou Crédito; filtre as tabelas clicando nas setas do cabeçalho; consulte tudo consolidado em Todos os Gastos; ajuste categorias, contas e cartões na aba Listas. | J25: Como usar: lance despesas em Débito ou Crédito; filtre as tabelas clicando nas setas do cabeçalho; consulte tudo consolidado em Todos os Gastos; ajuste categorias, contas e cartões na aba Listas. | K25: Como usar: lance despesas em Débito ou Crédito; filtre as tabelas clicando nas setas do cabeçalho; consulte tudo consolidado em Todos os Gastos; ajuste categorias, contas e cartões na aba Listas. | L25: Como usar: lance despesas em Débito ou Crédito; filtre as tabelas clicando nas setas do cabeçalho; consulte tudo consolidado em Todos os Gastos; ajuste categorias, contas e cartões na aba Listas.

Sheet Débito
A1: Gastos no Débito | B1: Gastos no Débito | C1: Gastos no Débito | D1: Gastos no Débito | E1: Gastos no Débito | F1: Gastos no Débito | G1: Gastos no Débito | H1: Gastos no Débito
A2: Preencha uma linha por gasto. Use os filtros da tabela para consultar por data, categoria, conta ou status. | B2: Preencha uma linha por gasto. Use os filtros da tabela para consultar por data, categoria, conta ou status. | C2: Preencha uma linha por gasto. Use os filtros da tabela para consultar por data, categoria, conta ou status. | D2: Preencha uma linha por gasto. Use os filtros da tabela para consultar por data, categoria, conta ou status. | E2: Preencha uma linha por gasto. Use os filtros da tabela para consultar por data, categoria, conta ou status. | F2: Preencha uma linha por gasto. Use os filtros da tabela para consultar por data, categoria, conta ou status. | G2: Preencha uma linha por gasto. Use os filtros da tabela para consultar por data, categoria, conta ou status. | H2: Preencha uma linha por gasto. Use os filtros da tabela para consultar por data, categoria, conta ou status.
A4: Dica: substitua as linhas de exemplo pelos seus gastos reais. A coluna Mês é calculada automaticamente. | B4: Dica: substitua as linhas de exemplo pelos seus gastos reais. A coluna Mês é calculada automaticamente. | C4: Dica: substitua as linhas de exemplo pelos seus gastos reais. A coluna Mês é calculada automaticamente. | D4: Dica: substitua as linhas de exemplo pelos seus gastos reais. A coluna Mês é calculada automaticamente. | E4: Dica: substitua as linhas de exemplo pelos seus gastos reais. A coluna Mês é calculada automaticamente. | F4: Dica: substitua as linhas de exemplo pelos seus gastos reais. A coluna Mês é calculada automaticamente. | G4: Dica: substitua as linhas de exemplo pelos seus gastos reais. A coluna Mês é calculada automaticamente. | H4: Dica: substitua as linhas de exemplo pelos seus gastos reais. A coluna Mês é calculada automaticamente.
A5: Data | B5: Descrição | C5: Categoria | D5: Conta | E5: Valor | F5: Status | G5: Observações | H5: Mês
A6: 46174 | B6: Café da manhã | C6: Alimentação | D6: Pix | E6: 18.5 | F6: Pago | G6: Exemplo | H6: =IF(A6="","",TEXT(A6,"yyyy-mm")) -> yyyy-06
A7: 46175 | B7: Ônibus | C7: Transporte | D7: Conta corrente | E7: 5.2 | F7: Pago | G7: Exemplo | H7: =IF(A7="","",TEXT(A7,"yyyy-mm")) -> yyyy-06
A8: 46176 | B8: Mercado | C8: Mercado | D8: Cartão débito | E8: 86.4 | F8: Pago | G8: Exemplo | H8: =IF(A8="","",TEXT(A8,"yyyy-mm")) -> yyyy-06
A9: 46177 | B9: Farmácia | C9: Saúde | D9: Pix | E9: 42.9 | F9: Pago | G9: Exemplo | H9: =IF(A9="","",TEXT(A9,"yyyy-mm")) -> yyyy-06
H10: =IF(A10="","",TEXT(A10,"yyyy-mm"))
H11: =IF(A11="","",TEXT(A11,"yyyy-mm"))
H12: =IF(A12="","",TEXT(A12,"yyyy-mm"))
H13: =IF(A13="","",TEXT(A13,"yyyy-mm"))
H14: =IF(A14="","",TEXT(A14,"yyyy-mm"))
H15: =IF(A15="","",TEXT(A15,"yyyy-mm"))
H16: =IF(A16="","",TEXT(A16,"yyyy-mm"))
H17: =IF(A17="","",TEXT(A17,"yyyy-mm"))
H18: =IF(A18="","",TEXT(A18,"yyyy-mm"))
H19: =IF(A19="","",TEXT(A19,"yyyy-mm"))
H20: =IF(A20="","",TEXT(A20,"yyyy-mm"))
H21: =IF(A21="","",TEXT(A21,"yyyy-mm"))
... H205: =IF(A205="","",TEXT(A205,"yyyy-mm"))

Sheet Crédito
A1: Gastos no Crédito | B1: Gastos no Crédito | C1: Gastos no Crédito | D1: Gastos no Crédito | E1: Gastos no Crédito | F1: Gastos no Crédito | G1: Gastos no Crédito | H1: Gastos no Crédito | I1: Gastos no Crédito | J1: Gastos no Crédito
A2: Controle compras no cartão, parcelas, vencimento e status de pagamento. A tabela também possui filtros. | B2: Controle compras no cartão, parcelas, vencimento e status de pagamento. A tabela também possui filtros. | C2: Controle compras no cartão, parcelas, vencimento e status de pagamento. A tabela também possui filtros. | D2: Controle compras no cartão, parcelas, vencimento e status de pagamento. A tabela também possui filtros. | E2: Controle compras no cartão, parcelas, vencimento e status de pagamento. A tabela também possui filtros. | F2: Controle compras no cartão, parcelas, vencimento e status de pagamento. A tabela também possui filtros. | G2: Controle compras no cartão, parcelas, vencimento e status de pagamento. A tabela também possui filtros. | H2: Controle compras no cartão, parcelas, vencimento e status de pagamento. A tabela também possui filtros. | I2: Controle compras no cartão, parcelas, vencimento e status de pagamento. A tabela também possui filtros. | J2: Controle compras no cartão, parcelas, vencimento e status de pagamento. A tabela também possui filtros.
A4: Dica: lance o valor da parcela que será paga na fatura. Se for compra à vista, use 1 em Parcelas. | B4: Dica: lance o valor da parcela que será paga na fatura. Se for compra à vista, use 1 em Parcelas. | C4: Dica: lance o valor da parcela que será paga na fatura. Se for compra à vista, use 1 em Parcelas. | D4: Dica: lance o valor da parcela que será paga na fatura. Se for compra à vista, use 1 em Parcelas. | E4: Dica: lance o valor da parcela que será paga na fatura. Se for compra à vista, use 1 em Parcelas. | F4: Dica: lance o valor da parcela que será paga na fatura. Se for compra à vista, use 1 em Parcelas. | G4: Dica: lance o valor da parcela que será paga na fatura. Se for compra à vista, use 1 em Parcelas. | H4: Dica: lance o valor da parcela que será paga na fatura. Se for compra à vista, use 1 em Parcelas. | I4: Dica: lance o valor da parcela que será paga na fatura. Se for compra à vista, use 1 em Parcelas. | J4: Dica: lance o valor da parcela que será paga na fatura. Se for compra à vista, use 1 em Parcelas.
A5: Data | B5: Descrição | C5: Categoria | D5: Cartão | E5: Valor | F5: Parcelas | G5: Vencimento | H5: Status | I5: Observações | J5: Mês
A6: 46174 | B6: Streaming | C6: Assinaturas | D6: Nubank | E6: 29.9 | F6: 1 | G6: 46183 | H6: Pendente | I6: Exemplo | J6: =IF(A6="","",TEXT(A6,"yyyy-mm")) -> yyyy-06
A7: 46176 | B7: Livro | C7: Educação | D7: Inter | E7: 54.8 | F7: 1 | G7: 46188 | H7: Pendente | I7: Exemplo | J7: =IF(A7="","",TEXT(A7,"yyyy-mm")) -> yyyy-06
A8: 46179 | B8: Tênis | C8: Compras | D8: Nubank | E8: 79.9 | F8: 3 | G8: 46183 | H8: Pendente | I8: Parcela 1/3 | J8: =IF(A8="","",TEXT(A8,"yyyy-mm")) -> yyyy-06
A9: 46181 | B9: Cinema | C9: Lazer | D9: Santander | E9: 36 | F9: 1 | G9: 46193 | H9: Pendente | I9: Exemplo | J9: =IF(A9="","",TEXT(A9,"yyyy-mm")) -> yyyy-06
J10: =IF(A10="","",TEXT(A10,"yyyy-mm"))
J11: =IF(A11="","",TEXT(A11,"yyyy-mm"))
J12: =IF(A12="","",TEXT(A12,"yyyy-mm"))
J13: =IF(A13="","",TEXT(A13,"yyyy-mm"))
J14: =IF(A14="","",TEXT(A14,"yyyy-mm"))
J15: =IF(A15="","",TEXT(A15,"yyyy-mm"))
J16: =IF(A16="","",TEXT(A16,"yyyy-mm"))
J17: =IF(A17="","",TEXT(A17,"yyyy-mm"))
J18: =IF(A18="","",TEXT(A18,"yyyy-mm"))
J19: =IF(A19="","",TEXT(A19,"yyyy-mm"))
J20: =IF(A20="","",TEXT(A20,"yyyy-mm"))
J21: =IF(A21="","",TEXT(A21,"yyyy-mm"))
... J205: =IF(A205="","",TEXT(A205,"yyyy-mm"))

Sheet Todos os Gastos
A1: Todos os Gastos | B1: Todos os Gastos | C1: Todos os Gastos | D1: Todos os Gastos | E1: Todos os Gastos | F1: Todos os Gastos | G1: Todos os Gastos | H1: Todos os Gastos | I1: Todos os Gastos
A2: Consolidação automática das abas Débito e Crédito. Use os filtros para ver tudo por tipo, data, categoria, status ou mês. | B2: Consolidação automática das abas Débito e Crédito. Use os filtros para ver tudo por tipo, data, categoria, status ou mês. | C2: Consolidação automática das abas Débito e Crédito. Use os filtros para ver tudo por tipo, data, categoria, status ou mês. | D2: Consolidação automática das abas Débito e Crédito. Use os filtros para ver tudo por tipo, data, categoria, status ou mês. | E2: Consolidação automática das abas Débito e Crédito. Use os filtros para ver tudo por tipo, data, categoria, status ou mês. | F2: Consolidação automática das abas Débito e Crédito. Use os filtros para ver tudo por tipo, data, categoria, status ou mês. | G2: Consolidação automática das abas Débito e Crédito. Use os filtros para ver tudo por tipo, data, categoria, status ou mês. | H2: Consolidação automática das abas Débito e Crédito. Use os filtros para ver tudo por tipo, data, categoria, status ou mês. | I2: Consolidação automática das abas Débito e Crédito. Use os filtros para ver tudo por tipo, data, categoria, status ou mês.
A5: Tipo | B5: Data | C5: Descrição | D5: Categoria | E5: Conta/Cartão | F5: Valor | G5: Status | H5: Mês | I5: Observações
A6: =IF(Débito!A6="","","Débito") -> Débito | B6: =IF(Débito!A6="","",Débito!A6) -> 46174 | C6: =IF(Débito!A6="","",Débito!B6) -> Café da manhã | D6: =IF(Débito!A6="","",Débito!C6) -> Alimentação | E6: =IF(Débito!A6="","",Débito!D6) -> Pix | F6: =IF(Débito!A6="","",Débito!E6) -> 18.5 | G6: =IF(Débito!A6="","",Débito!F6) -> Pago | H6: =IF(Débito!A6="","",Débito!H6) -> yyyy-06 | I6: =IF(Débito!A6="","",Débito!G6) -> Exemplo
A7: =IF(Débito!A7="","","Débito") -> Débito | B7: =IF(Débito!A7="","",Débito!A7) -> 46175 | C7: =IF(Débito!A7="","",Débito!B7) -> Ônibus | D7: =IF(Débito!A7="","",Débito!C7) -> Transporte | E7: =IF(Débito!A7="","",Débito!D7) -> Conta corrente | F7: =IF(Débito!A7="","",Débito!E7) -> 5.2 | G7: =IF(Débito!A7="","",Débito!F7) -> Pago | H7: =IF(Débito!A7="","",Débito!H7) -> yyyy-06 | I7: =IF(Débito!A7="","",Débito!G7) -> Exemplo
A8: =IF(Débito!A8="","","Débito") -> Débito | B8: =IF(Débito!A8="","",Débito!A8) -> 46176 | C8: =IF(Débito!A8="","",Débito!B8) -> Mercado | D8: =IF(Débito!A8="","",Débito!C8) -> Mercado | E8: =IF(Débito!A8="","",Débito!D8) -> Cartão débito | F8: =IF(Débito!A8="","",Débito!E8) -> 86.4 | G8: =IF(Débito!A8="","",Débito!F8) -> Pago | H8: =IF(Débito!A8="","",Débito!H8) -> yyyy-06 | I8: =IF(Débito!A8="","",Débito!G8) -> Exemplo
A9: =IF(Débito!A9="","","Débito") -> Débito | B9: =IF(Débito!A9="","",Débito!A9) -> 46177 | C9: =IF(Débito!A9="","",Débito!B9) -> Farmácia | D9: =IF(Débito!A9="","",Débito!C9) -> Saúde | E9: =IF(Débito!A9="","",Débito!D9) -> Pix | F9: =IF(Débito!A9="","",Débito!E9) -> 42.9 | G9: =IF(Débito!A9="","",Débito!F9) -> Pago | H9: =IF(Débito!A9="","",Débito!H9) -> yyyy-06 | I9: =IF(Débito!A9="","",Débito!G9) -> Exemplo
A10: =IF(Débito!A10="","","Débito") | B10: =IF(Débito!A10="","",Débito!A10) | C10: =IF(Débito!A10="","",Débito!B10) | D10: =IF(Débito!A10="","",Débito!C10) | E10: =IF(Débito!A10="","",Débito!D10) | F10: =IF(Débito!A10="","",Débito!E10) | G10: =IF(Débito!A10="","",Débito!F10) | H10: =IF(Débito!A10="","",Débito!H10) | I10: =IF(Débito!A10="","",Débito!G10)
A11: =IF(Débito!A11="","","Débito") | B11: =IF(Débito!A11="","",Débito!A11) | C11: =IF(Débito!A11="","",Débito!B11) | D11: =IF(Débito!A11="","",Débito!C11) | E11: =IF(Débito!A11="","",Débito!D11) | F11: =IF(Débito!A11="","",Débito!E11) | G11: =IF(Débito!A11="","",Débito!F11) | H11: =IF(Débito!A11="","",Débito!H11) | I11: =IF(Débito!A11="","",Débito!G11)
A12: =IF(Débito!A12="","","Débito") | B12: =IF(Débito!A12="","",Débito!A12) | C12: =IF(Débito!A12="","",Débito!B12) | D12: =IF(Débito!A12="","",Débito!C12) | E12: =IF(Débito!A12="","",Débito!D12) | F12: =IF(Débito!A12="","",Débito!E12) | G12: =IF(Débito!A12="","",Débito!F12) | H12: =IF(Débito!A12="","",Débito!H12) | I12: =IF(Débito!A12="","",Débito!G12)
A13: =IF(Débito!A13="","","Débito") | B13: =IF(Débito!A13="","",Débito!A13) | C13: =IF(Débito!A13="","",Débito!B13) | D13: =IF(Débito!A13="","",Débito!C13) | E13: =IF(Débito!A13="","",Débito!D13) | F13: =IF(Débito!A13="","",Débito!E13) | G13: =IF(Débito!A13="","",Débito!F13) | H13: =IF(Débito!A13="","",Débito!H13) | I13: =IF(Débito!A13="","",Débito!G13)
A14: =IF(Débito!A14="","","Débito") | B14: =IF(Débito!A14="","",Débito!A14) | C14: =IF(Débito!A14="","",Débito!B14) | D14: =IF(Débito!A14="","",Débito!C14) | E14: =IF(Débito!A14="","",Débito!D14) | F14: =IF(Débito!A14="","",Débito!E14) | G14: =IF(Débito!A14="","",Débito!F14) | H14: =IF(Débito!A14="","",Débito!H14) | I14: =IF(Débito!A14="","",Débito!G14)
A15: =IF(Débito!A15="","","Débito") | B15: =IF(Débito!A15="","",Débito!A15) | C15: =IF(Débito!A15="","",Débito!B15) | D15: =IF(Débito!A15="","",Débito!C15) | E15: =IF(Débito!A15="","",Débito!D15) | F15: =IF(Débito!A15="","",Débito!E15) | G15: =IF(Débito!A15="","",Débito!F15) | H15: =IF(Débito!A15="","",Débito!H15) | I15: =IF(Débito!A15="","",Débito!G15)
A16: =IF(Débito!A16="","","Débito") | B16: =IF(Débito!A16="","",Débito!A16) | C16: =IF(Débito!A16="","",Débito!B16) | D16: =IF(Débito!A16="","",Débito!C16) | E16: =IF(Débito!A16="","",Débito!D16) | F16: =IF(Débito!A16="","",Débito!E16) | G16: =IF(Débito!A16="","",Débito!F16) | H16: =IF(Débito!A16="","",Débito!H16) | I16: =IF(Débito!A16="","",Débito!G16)
A17: =IF(Débito!A17="","","Débito") | B17: =IF(Débito!A17="","",Débito!A17) | C17: =IF(Débito!A17="","",Débito!B17) | D17: =IF(Débito!A17="","",Débito!C17) | E17: =IF(Débito!A17="","",Débito!D17) | F17: =IF(Débito!A17="","",Débito!E17) | G17: =IF(Débito!A17="","",Débito!F17) | H17: =IF(Débito!A17="","",Débito!H17) | I17: =IF(Débito!A17="","",Débito!G17)
... A205: =IF(Débito!A205="","","Débito") | B205: =IF(Débito!A205="","",Débito!A205) | C205: =IF(Débito!A205="","",Débito!B205) | D205: =IF(Débito!A205="","",Débito!C205) | E205: =IF(Débito!A205="","",Débito!D205) | F205: =IF(Débito!A205="","",Débito!E205) | G205: =IF(Débito!A205="","",Débito!F205) | H205: =IF(Débito!A205="","",Débito!H205) | I205: =IF(Débito!A205="","",Débito!G205)
A206: =IF(Crédito!A6="","","Crédito") -> Crédito | B206: =IF(Crédito!A6="","",Crédito!A6) -> 46174 | C206: =IF(Crédito!A6="","",Crédito!B6) -> Streaming | D206: =IF(Crédito!A6="","",Crédito!C6) -> Assinaturas | E206: =IF(Crédito!A6="","",Crédito!D6) -> Nubank | F206: =IF(Crédito!A6="","",Crédito!E6) -> 29.9 | G206: =IF(Crédito!A6="","",Crédito!H6) -> Pendente | H206: =IF(Crédito!A6="","",Crédito!J6) -> yyyy-06 | I206: =IF(Crédito!A6="","",Crédito!I6) -> Exemplo
A207: =IF(Crédito!A7="","","Crédito") -> Crédito | B207: =IF(Crédito!A7="","",Crédito!A7) -> 46176 | C207: =IF(Crédito!A7="","",Crédito!B7) -> Livro | D207: =IF(Crédito!A7="","",Crédito!C7) -> Educação | E207: =IF(Crédito!A7="","",Crédito!D7) -> Inter | F207: =IF(Crédito!A7="","",Crédito!E7) -> 54.8 | G207: =IF(Crédito!A7="","",Crédito!H7) -> Pendente | H207: =IF(Crédito!A7="","",Crédito!J7) -> yyyy-06 | I207: =IF(Crédito!A7="","",Crédito!I7) -> Exemplo
A208: =IF(Crédito!A8="","","Crédito") -> Crédito | B208: =IF(Crédito!A8="","",Crédito!A8) -> 46179 | C208: =IF(Crédito!A8="","",Crédito!B8) -> Tênis | D208: =IF(Crédito!A8="","",Crédito!C8) -> Compras | E208: =IF(Crédito!A8="","",Crédito!D8) -> Nubank | F208: =IF(Crédito!A8="","",Crédito!E8) -> 79.9 | G208: =IF(Crédito!A8="","",Crédito!H8) -> Pendente | H208: =IF(Crédito!A8="","",Crédito!J8) -> yyyy-06 | I208: =IF(Crédito!A8="","",Crédito!I8) -> Parcela 1/3
A209: =IF(Crédito!A9="","","Crédito") -> Crédito | B209: =IF(Crédito!A9="","",Crédito!A9) -> 46181 | C209: =IF(Crédito!A9="","",Crédito!B9) -> Cinema | D209: =IF(Crédito!A9="","",Crédito!C9) -> Lazer | E209: =IF(Crédito!A9="","",Crédito!D9) -> Santander | F209: =IF(Crédito!A9="","",Crédito!E9) -> 36 | G209: =IF(Crédito!A9="","",Crédito!H9) -> Pendente | H209: =IF(Crédito!A9="","",Crédito!J9) -> yyyy-06 | I209: =IF(Crédito!A9="","",Crédito!I9) -> Exemplo
A210: =IF(Crédito!A10="","","Crédito") | B210: =IF(Crédito!A10="","",Crédito!A10) | C210: =IF(Crédito!A10="","",Crédito!B10) | D210: =IF(Crédito!A10="","",Crédito!C10) | E210: =IF(Crédito!A10="","",Crédito!D10) | F210: =IF(Crédito!A10="","",Crédito!E10) | G210: =IF(Crédito!A10="","",Crédito!H10) | H210: =IF(Crédito!A10="","",Crédito!J10) | I210: =IF(Crédito!A10="","",Crédito!I10)
A211: =IF(Crédito!A11="","","Crédito") | B211: =IF(Crédito!A11="","",Crédito!A11) | C211: =IF(Crédito!A11="","",Crédito!B11) | D211: =IF(Crédito!A11="","",Crédito!C11) | E211: =IF(Crédito!A11="","",Crédito!D11) | F211: =IF(Crédito!A11="","",Crédito!E11) | G211: =IF(Crédito!A11="","",Crédito!H11) | H211: =IF(Crédito!A11="","",Crédito!J11) | I211: =IF(Crédito!A11="","",Crédito!I11)
A212: =IF(Crédito!A12="","","Crédito") | B212: =IF(Crédito!A12="","",Crédito!A12) | C212: =IF(Crédito!A12="","",Crédito!B12) | D212: =IF(Crédito!A12="","",Crédito!C12) | E212: =IF(Crédito!A12="","",Crédito!D12) | F212: =IF(Crédito!A12="","",Crédito!E12) | G212: =IF(Crédito!A12="","",Crédito!H12) | H212: =IF(Crédito!A12="","",Crédito!J12) | I212: =IF(Crédito!A12="","",Crédito!I12)
A213: =IF(Crédito!A13="","","Crédito") | B213: =IF(Crédito!A13="","",Crédito!A13) | C213: =IF(Crédito!A13="","",Crédito!B13) | D213: =IF(Crédito!A13="","",Crédito!C13) | E213: =IF(Crédito!A13="","",Crédito!D13) | F213: =IF(Crédito!A13="","",Crédito!E13) | G213: =IF(Crédito!A13="","",Crédito!H13) | H213: =IF(Crédito!A13="","",Crédito!J13) | I213: =IF(Crédito!A13="","",Crédito!I13)
A214: =IF(Crédito!A14="","","Crédito") | B214: =IF(Crédito!A14="","",Crédito!A14) | C214: =IF(Crédito!A14="","",Crédito!B14) | D214: =IF(Crédito!A14="","",Crédito!C14) | E214: =IF(Crédito!A14="","",Crédito!D14) | F214: =IF(Crédito!A14="","",Crédito!E14) | G214: =IF(Crédito!A14="","",Crédito!H14) | H214: =IF(Crédito!A14="","",Crédito!J14) | I214: =IF(Crédito!A14="","",Crédito!I14)
A215: =IF(Crédito!A15="","","Crédito") | B215: =IF(Crédito!A15="","",Crédito!A15) | C215: =IF(Crédito!A15="","",Crédito!B15) | D215: =IF(Crédito!A15="","",Crédito!C15) | E215: =IF(Crédito!A15="","",Crédito!D15) | F215: =IF(Crédito!A15="","",Crédito!E15) | G215: =IF(Crédito!A15="","",Crédito!H15) | H215: =IF(Crédito!A15="","",Crédito!J15) | I215: =IF(Crédito!A15="","",Crédito!I15)
A216: =IF(Crédito!A16="","","Crédito") | B216: =IF(Crédito!A16="","",Crédito!A16) | C216: =IF(Crédito!A16="","",Crédito!B16) | D216: =IF(Crédito!A16="","",Crédito!C16) | E216: =IF(Crédito!A16="","",Crédito!D16) | F216: =IF(Crédito!A16="","",Crédito!E16) | G216: =IF(Crédito!A16="","",Crédito!H16) | H216: =IF(Crédito!A16="","",Crédito!J16) | I216: =IF(Crédito!A16="","",Crédito!I16)
A217: =IF(Crédito!A17="","","Crédito") | B217: =IF(Crédito!A17="","",Crédito!A17) | C217: =IF(Crédito!A17="","",Crédito!B17) | D217: =IF(Crédito!A17="","",Crédito!C17) | E217: =IF(Crédito!A17="","",Crédito!D17) | F217: =IF(Crédito!A17="","",Crédito!E17) | G217: =IF(Crédito!A17="","",Crédito!H17) | H217: =IF(Crédito!A17="","",Crédito!J17) | I217: =IF(Crédito!A17="","",Crédito!I17)
... A405: =IF(Crédito!A205="","","Crédito") | B405: =IF(Crédito!A205="","",Crédito!A205) | C405: =IF(Crédito!A205="","",Crédito!B205) | D405: =IF(Crédito!A205="","",Crédito!C205) | E405: =IF(Crédito!A205="","",Crédito!D205) | F405: =IF(Crédito!A205="","",Crédito!E205) | G405: =IF(Crédito!A205="","",Crédito!H205) | H405: =IF(Crédito!A205="","",Crédito!J205) | I405: =IF(Crédito!A205="","",Crédito!I205)

Sheet Listas
A1: Listas de apoio | B1: Listas de apoio | C1: Listas de apoio | D1: Listas de apoio | E1: Listas de apoio
A3: Categorias | B3: Status | C3: Contas débito | D3: Cartões crédito | E3: Observação
A4: Alimentação | B4: Pago | C4: Cartão débito | D4: Nubank | E4: Edite estas listas para personalizar os menus suspensos.
A5: Transporte | B5: Pendente | C5: Pix | D5: Inter
A6: Moradia | B6: Estornado | C6: Dinheiro | D6: Itaú
A7: Saúde | C7: Conta corrente | D7: Santander
A8: Mercado | C8: Carteira digital | D8: Outro
A9: Lazer | C9: Outro
A10: Educação
A11: Assinaturas
A12: Compras
A13: Outros
